{
  "module_names": [
    {
      "coverage": 79.16666666666667,
      "lines": [
        5,
        6,
        7,
        8,
        9,
        10,
        11,
        12,
        13,
        16,
        18,
        19,
        20,
        21,
        22,
        23,
        24,
        25,
        26,
        27,
        28,
        29,
        30,
        31,
        32,
        33,
        34,
        36,
        39,
        40,
        41,
        43,
        44,
        45,
        48,
        49,
        50,
        51,
        52,
        54,
        58,
        60,
        61,
        62,
        63,
        64,
        68,
        69
      ],
      "lines_not_covered": [
        24,
        25,
        26,
        28,
        29,
        30,
        31,
        32,
        33,
        34
      ],
      "module": "__main__",
      "sum_lines": 48,
      "sum_lines_not_covered": 10
    },
    {
      "coverage": 100.0,
      "lines": [
        1
      ],
      "lines_not_covered": [],
      "module": "equipment",
      "sum_lines": 1,
      "sum_lines_not_covered": 0
    },
    {
      "coverage": 88.63636363636364,
      "lines": [
        3,
        4,
        5,
        6,
        9,
        11,
        12,
        13,
        14,
        15,
        16,
        17,
        18,
        20,
        21,
        22,
        23,
        24,
        25,
        27,
        28,
        29,
        30,
        31,
        32,
        34,
        36,
        37,
        38,
        39,
        40,
        42,
        43,
        44,
        46,
        48,
        51,
        52,
        53,
        54,
        55,
        56,
        57,
        58,
        59,
        60,
        61,
        63,
        65,
        67,
        68,
        69,
        70,
        71,
        73,
        74,
        75,
        76,
        77,
        78,
        79,
        80,
        81,
        82,
        83,
        84,
        85,
        86,
        87,
        89,
        90,
        91,
        93,
        94,
        95,
        97,
        98,
        99,
        100,
        101,
        102,
        104,
        106,
        107,
        109,
        111,
        113,
        114
      ],
      "lines_not_covered": [
        23,
        24,
        37,
        38,
        39,
        40,
        80,
        106,
        107,
        114
      ],
      "module": "equipment.Equipment",
      "sum_lines": 88,
      "sum_lines_not_covered": 10
    },
    {
      "coverage": 100.0,
      "lines": [
        1
      ],
      "lines_not_covered": [],
      "module": "equipment.feature",
      "sum_lines": 1,
      "sum_lines_not_covered": 0
    },
    {
      "coverage": 100.0,
      "lines": [
        1,
        3,
        4,
        5,
        6,
        7,
        8,
        11,
        15,
        16,
        18,
        30,
        31,
        32,
        33,
        34,
        35,
        36,
        37,
        39,
        51,
        52,
        53,
        54,
        55,
        56,
        58,
        67
      ],
      "lines_not_covered": [],
      "module": "equipment.feature.Interface",
      "sum_lines": 28,
      "sum_lines_not_covered": 0
    },
    {
      "coverage": 100.0,
      "lines": [
        1
      ],
      "lines_not_covered": [],
      "module": "process",
      "sum_lines": 1,
      "sum_lines_not_covered": 0
    },
    {
      "coverage": 94.23076923076923,
      "lines": [
        4,
        15,
        16,
        17,
        18,
        19,
        22,
        23,
        24,
        26,
        27,
        28,
        31,
        32,
        33,
        34,
        36,
        37,
        38,
        39,
        40,
        41,
        43,
        44,
        46,
        48,
        49,
        50,
        51,
        52,
        55,
        56,
        57,
        58,
        59,
        62,
        63,
        64,
        65,
        66,
        68,
        69,
        71,
        74,
        76,
        79,
        81,
        84,
        86,
        92,
        93,
        94,
        95,
        97,
        103,
        104,
        105,
        108,
        109,
        111,
        112,
        114,
        115,
        116,
        118,
        129,
        130,
        132,
        134,
        147,
        148,
        149,
        150,
        151,
        152,
        153,
        155,
        156,
        158,
        165,
        166,
        167,
        168,
        169,
        170,
        171,
        173,
        174,
        175,
        177,
        178,
        180,
        189,
        190,
        192,
        193,
        195,
        197,
        198,
        199,
        201,
        202,
        203,
        205
      ],
      "lines_not_covered": [
        24,
        28,
        69,
        151,
        155,
        171
      ],
      "module": "process.ArrayParsing",
      "sum_lines": 104,
      "sum_lines_not_covered": 6
    },
    {
      "coverage": 92.5,
      "lines": [
        4,
        7,
        8,
        9,
        10,
        11,
        12,
        13,
        14,
        15,
        16,
        17,
        18,
        19,
        20,
        21,
        22,
        23,
        24,
        25,
        26,
        27,
        29,
        30,
        31,
        32,
        33,
        35,
        36,
        37,
        38,
        39,
        40,
        41,
        42,
        43,
        44,
        46,
        47,
        48,
        49,
        50,
        51,
        52,
        54,
        55,
        56,
        58,
        59,
        61,
        62,
        63,
        64,
        65,
        67,
        68,
        70,
        71,
        72,
        73,
        74,
        76,
        77,
        78,
        79,
        80,
        81,
        82,
        84,
        85,
        86,
        88,
        89,
        90,
        91,
        93,
        95,
        99,
        100,
        102
      ],
      "lines_not_covered": [
        43,
        44,
        54,
        59,
        81,
        82
      ],
      "module": "process.ListParsing",
      "sum_lines": 80,
      "sum_lines_not_covered": 6
    },
    {
      "coverage": 83.87096774193549,
      "lines": [
        4,
        6,
        7,
        8,
        9,
        10,
        11,
        13,
        14,
        15,
        16,
        17,
        19,
        20,
        21,
        22,
        23,
        25,
        26,
        28,
        29,
        30,
        31,
        32,
        33,
        34,
        36,
        37,
        38,
        39,
        41
      ],
      "lines_not_covered": [
        20,
        21,
        22,
        23,
        26
      ],
      "module": "process.TextParsing",
      "sum_lines": 31,
      "sum_lines_not_covered": 5
    },
    {
      "coverage": 100.0,
      "lines": [
        1
      ],
      "lines_not_covered": [],
      "module": "utils",
      "sum_lines": 1,
      "sum_lines_not_covered": 0
    },
    {
      "coverage": 93.33333333333333,
      "lines": [
        3,
        4,
        5,
        7,
        10,
        11,
        14,
        15,
        16,
        17,
        20,
        21,
        22,
        23,
        25,
        26,
        27,
        28,
        29,
        32,
        33,
        36,
        37,
        40,
        41,
        42,
        45,
        46,
        47,
        48
      ],
      "lines_not_covered": [
        28,
        29
      ],
      "module": "utils.ExcelWorkbookManager",
      "sum_lines": 30,
      "sum_lines_not_covered": 2
    }
  ],
  "overall_coverage": 90.55690072639226
}